Old Name,New Name
0001_12 Ausgabe 26 Raǧab 1325 22 Farvardin 1277 5 September 1907-0001.jpg,image_0000.jpg
0001_23 Ausgabe 12 Rabīʿ āṯ-ṯānī 1325 5 Ḫordād 829 25 Mai 1907-0001.jpg,image_0001.jpg
0001_26 Ausgabe 26 Ḏū l-qaʿda 1324hq 20 Ǧadī 1285hš 11 Januar 1907 29 Kânûn-ı Evve-0001.jpg,image_0002.jpg
0001_28 Ausgabe 17 Rabīʿ āṯ-ṯānī 1325 10 Ḫordād 829 30 Mai 1907-0001.jpg,image_0003.jpg
0001_33 Ausgabe 10 Ḏī l-ḥiǧǧa 1324hq 5 Dalv 1285hš 25 Januar 1907 17 Kânûn-ı Sânî-0001.jpg,image_0004.jpg
0002_12 Ausgabe 26 Raǧab 1325 22 Farvardin 1277 5 September 1907-0002.jpg,image_0005.jpg
0002_23 Ausgabe 12 Rabīʿ āṯ-ṯānī 1325 5 Ḫordād 829 25 Mai 1907-0002.jpg,image_0006.jpg
0002_26 Ausgabe 26 Ḏū l-qaʿda 1324hq 20 Ǧadī 1285hš 11 Januar 1907 29 Kânûn-ı Evve-0002.jpg,image_0007.jpg
0002_28 Ausgabe 17 Rabīʿ āṯ-ṯānī 1325 10 Ḫordād 829 30 Mai 1907-0002.jpg,image_0008.jpg
0002_33 Ausgabe 10 Ḏī l-ḥiǧǧa 1324hq 5 Dalv 1285hš 25 Januar 1907 17 Kânûn-ı Sânî-0002.jpg,image_0009.jpg
0003_12 Ausgabe 26 Raǧab 1325 22 Farvardin 1277 5 September 1907-0003.jpg,image_0010.jpg
0003_23 Ausgabe 12 Rabīʿ āṯ-ṯānī 1325 5 Ḫordād 829 25 Mai 1907-0003.jpg,image_0011.jpg
0003_26 Ausgabe 26 Ḏū l-qaʿda 1324hq 20 Ǧadī 1285hš 11 Januar 1907 29 Kânûn-ı Evve-0003.jpg,image_0012.jpg
0003_28 Ausgabe 17 Rabīʿ āṯ-ṯānī 1325 10 Ḫordād 829 30 Mai 1907-0003.jpg,image_0013.jpg
0003_33 Ausgabe 10 Ḏī l-ḥiǧǧa 1324hq 5 Dalv 1285hš 25 Januar 1907 17 Kânûn-ı Sânî-0003.jpg,image_0014.jpg
0004_12 Ausgabe 26 Raǧab 1325 22 Farvardin 1277 5 September 1907-0004.jpg,image_0015.jpg
0004_23 Ausgabe 12 Rabīʿ āṯ-ṯānī 1325 5 Ḫordād 829 25 Mai 1907-0004.jpg,image_0016.jpg
0004_26 Ausgabe 26 Ḏū l-qaʿda 1324hq 20 Ǧadī 1285hš 11 Januar 1907 29 Kânûn-ı Evve-0004.jpg,image_0017.jpg
0004_28 Ausgabe 17 Rabīʿ āṯ-ṯānī 1325 10 Ḫordād 829 30 Mai 1907-0004.jpg,image_0018.jpg
0004_33 Ausgabe 10 Ḏī l-ḥiǧǧa 1324hq 5 Dalv 1285hš 25 Januar 1907 17 Kânûn-ı Sânî-0004.jpg,image_0019.jpg
0005_12 Ausgabe 26 Raǧab 1325 22 Farvardin 1277 5 September 1907-0005.jpg,image_0020.jpg
0006_12 Ausgabe 26 Raǧab 1325 22 Farvardin 1277 5 September 1907-0006.jpg,image_0021.jpg
0007_12 Ausgabe 26 Raǧab 1325 22 Farvardin 1277 5 September 1907-0007.jpg,image_0022.jpg
0008_12 Ausgabe 26 Raǧab 1325 22 Farvardin 1277 5 September 1907-0008.jpg,image_0023.jpg
Sur-Israfil_1. Ausgabe (17. Rabīʿ al-āḫir 1325 -- 14. Dey 1276 -- 30. Mai 1907)_1.jpg,image_0024.jpg
Sur-Israfil_1. Ausgabe (17. Rabīʿ al-āḫir 1325 -- 14. Dey 1276 -- 30. Mai 1907)_2.jpg,image_0025.jpg
Sur-Israfil_1. Ausgabe (17. Rabīʿ al-āḫir 1325 -- 14. Dey 1276 -- 30. Mai 1907)_3.jpg,image_0026.jpg
Sur-Israfil_1. Ausgabe (17. Rabīʿ al-āḫir 1325 -- 14. Dey 1276 -- 30. Mai 1907)_4.jpg,image_0027.jpg
Sur-Israfil_1. Ausgabe (17. Rabīʿ al-āḫir 1325 -- 14. Dey 1276 -- 30. Mai 1907)_5.jpg,image_0028.jpg
Sur-Israfil_1. Ausgabe (17. Rabīʿ al-āḫir 1325 -- 14. Dey 1276 -- 30. Mai 1907)_6.jpg,image_0029.jpg
Sur-Israfil_1. Ausgabe (17. Rabīʿ al-āḫir 1325 -- 14. Dey 1276 -- 30. Mai 1907)_7.jpg,image_0030.jpg
Sur-Israfil_1. Ausgabe (17. Rabīʿ al-āḫir 1325 -- 14. Dey 1276 -- 30. Mai 1907)_8.jpg,image_0031.jpg
Sur-Israfil_2. Ausgabe (24. Rabīʿ al-āḫir 1325 -- 21. Dey 1276 -- 6. Juni 1907)_1.jpg,image_0032.jpg
Sur-Israfil_2. Ausgabe (24. Rabīʿ al-āḫir 1325 -- 21. Dey 1276 -- 6. Juni 1907)_10.jpg,image_0033.jpg
Sur-Israfil_2. Ausgabe (24. Rabīʿ al-āḫir 1325 -- 21. Dey 1276 -- 6. Juni 1907)_2.jpg,image_0034.jpg
Sur-Israfil_2. Ausgabe (24. Rabīʿ al-āḫir 1325 -- 21. Dey 1276 -- 6. Juni 1907)_3.jpg,image_0035.jpg
Sur-Israfil_2. Ausgabe (24. Rabīʿ al-āḫir 1325 -- 21. Dey 1276 -- 6. Juni 1907)_4.jpg,image_0036.jpg
Sur-Israfil_2. Ausgabe (24. Rabīʿ al-āḫir 1325 -- 21. Dey 1276 -- 6. Juni 1907)_5.jpg,image_0037.jpg
Sur-Israfil_2. Ausgabe (24. Rabīʿ al-āḫir 1325 -- 21. Dey 1276 -- 6. Juni 1907)_6.jpg,image_0038.jpg
Sur-Israfil_2. Ausgabe (24. Rabīʿ al-āḫir 1325 -- 21. Dey 1276 -- 6. Juni 1907)_7.jpg,image_0039.jpg
Sur-Israfil_2. Ausgabe (24. Rabīʿ al-āḫir 1325 -- 21. Dey 1276 -- 6. Juni 1907)_8.jpg,image_0040.jpg
Sur-Israfil_2. Ausgabe (24. Rabīʿ al-āḫir 1325 -- 21. Dey 1276 -- 6. Juni 1907)_9.jpg,image_0041.jpg
Sur-Israfil_3. Ausgabe (1. Ǧumādā l-ūlā 1325 -- 28. Dey 1276 -- 13. Juni 1907)_1.jpg,image_0042.jpg
Sur-Israfil_3. Ausgabe (1. Ǧumādā l-ūlā 1325 -- 28. Dey 1276 -- 13. Juni 1907)_2.jpg,image_0043.jpg
